{
  "global_threshold": -0.03973510600465131,
  "categories": {
    "Botnet": {
      "n_test_attack": 295,
      "n_test_benign": 340965,
      "test_auc": 0.6120761139805839,
      "val_f1_at_per_category_threshold": 0.0034812880765883376,
      "global": {
        "threshold": -0.03973510600465131,
        "precision": 0.0001710278775440397,
        "recall": 0.006779661016949152,
        "f1": 0.00033363916923846856,
        "false_positive_rate": 0.03429090962415497,
        "tp": 2,
        "fp": 11692,
        "fn": 293,
        "tn": 329273
      },
      "per_category": {
        "threshold": 0.07370640933513795,
        "precision": 0.0,
        "recall": 0.0,
        "f1": 0.0,
        "false_positive_rate": 0.0025281187218629477,
        "tp": 0,
        "fp": 862,
        "fn": 295,
        "tn": 340103
      },
      "delta": {
        "recall": -0.006779661016949152,
        "f1": -0.00033363916923846856,
        "fpr": -0.031762790902292025
      }
    },
    "Brute Force": {
      "n_test_attack": 2075,
      "n_test_benign": 340965,
      "test_auc": 0.6649637465881298,
      "val_f1_at_per_category_threshold": 0.0230842469223788,
      "global": {
        "threshold": -0.03973510600465131,
        "precision": 0.0,
        "recall": 0.0,
        "f1": 0.0,
        "false_positive_rate": 0.03429090962415497,
        "tp": 0,
        "fp": 11692,
        "fn": 2075,
        "tn": 329273
      },
      "per_category": {
        "threshold": -0.17309023439884186,
        "precision": 0.011657557147923199,
        "recall": 0.9980722891566265,
        "f1": 0.023045936081189353,
        "false_positive_rate": 0.5149560805361254,
        "tp": 2071,
        "fp": 175582,
        "fn": 4,
        "tn": 165383
      },
      "delta": {
        "recall": 0.9980722891566265,
        "f1": 0.023045936081189353,
        "fpr": 0.4806651709119704
      }
    },
    "DDoS": {
      "n_test_attack": 19204,
      "n_test_benign": 340965,
      "test_auc": 0.8651253492906646,
      "val_f1_at_per_category_threshold": 0.5409564904710535,
      "global": {
        "threshold": -0.03973510600465131,
        "precision": 0.48761996581795874,
        "recall": 0.5794105394709436,
        "f1": 0.5295671418032983,
        "false_positive_rate": 0.03429090962415497,
        "tp": 11127,
        "fp": 11692,
        "fn": 8077,
        "tn": 329273
      },
      "per_category": {
        "threshold": -0.03585457801818848,
        "precision": 0.498065502969228,
        "recall": 0.5764944803166007,
        "f1": 0.5344178412821008,
        "false_positive_rate": 0.03272183361928644,
        "tp": 11071,
        "fp": 11157,
        "fn": 8133,
        "tn": 329808
      },
      "delta": {
        "recall": -0.002916059154342898,
        "f1": 0.004850699478802456,
        "fpr": -0.0015690760048685318
      }
    },
    "DoS": {
      "n_test_attack": 37899,
      "n_test_benign": 340965,
      "test_auc": 0.847596992960319,
      "val_f1_at_per_category_threshold": 0.7089544967358472,
      "global": {
        "threshold": -0.03973510600465131,
        "precision": 0.6769184006189726,
        "recall": 0.646375893823056,
        "f1": 0.661294676600799,
        "false_positive_rate": 0.03429090962415497,
        "tp": 24497,
        "fp": 11692,
        "fn": 13402,
        "tn": 329273
      },
      "per_category": {
        "threshold": 0.04967140289954841,
        "precision": 0.9195678777904376,
        "recall": 0.5749755930235626,
        "f1": 0.7075459445418534,
        "false_positive_rate": 0.005590016570615752,
        "tp": 21791,
        "fp": 1906,
        "fn": 16108,
        "tn": 339059
      },
      "delta": {
        "recall": -0.07140030079949344,
        "f1": 0.046251267941054386,
        "fpr": -0.02870089305353922
      }
    },
    "PortScan": {
      "n_test_attack": 23840,
      "n_test_benign": 340965,
      "test_auc": 0.7532006144448686,
      "val_f1_at_per_category_threshold": 0.27114601047741876,
      "global": {
        "threshold": -0.03973510600465131,
        "precision": 0.006711409395973154,
        "recall": 0.0033137583892617448,
        "f1": 0.004436831316166353,
        "false_positive_rate": 0.03429090962415497,
        "tp": 79,
        "fp": 11692,
        "fn": 23761,
        "tn": 329273
      },
      "per_category": {
        "threshold": -0.1640895301103592,
        "precision": 0.15661919831223628,
        "recall": 0.9964765100671141,
        "f1": 0.27069279854147676,
        "false_positive_rate": 0.37518220345196723,
        "tp": 23756,
        "fp": 127924,
        "fn": 84,
        "tn": 213041
      },
      "delta": {
        "recall": 0.9931627516778524,
        "f1": 0.2662559672253104,
        "fpr": 0.34089129382781225
      }
    },
    "Web Attack": {
      "n_test_attack": 327,
      "n_test_benign": 340965,
      "test_auc": 0.7341564244422121,
      "val_f1_at_per_category_threshold": 0.006057348411238139,
      "global": {
        "threshold": -0.03973510600465131,
        "precision": 0.0015371477369769428,
        "recall": 0.05504587155963303,
        "f1": 0.0029907784331644096,
        "false_positive_rate": 0.03429090962415497,
        "tp": 18,
        "fp": 11692,
        "fn": 309,
        "tn": 329273
      },
      "per_category": {
        "threshold": -0.15746520970016717,
        "precision": 0.003120917404557991,
        "recall": 0.9204892966360856,
        "f1": 0.0062207433891684665,
        "false_positive_rate": 0.2819790887627762,
        "tp": 301,
        "fp": 96145,
        "fn": 26,
        "tn": 244820
      },
      "delta": {
        "recall": 0.8654434250764526,
        "f1": 0.003229964956004057,
        "fpr": 0.24768817913862123
      }
    }
  },
  "macro_global": {
    "precision": 0.19549299190790426,
    "recall": 0.21515428737664055,
    "f1": 0.19977051122044442,
    "false_positive_rate": 0.03429090962415498
  },
  "macro_per_category": {
    "precision": 0.2648385089373972,
    "recall": 0.6777513615333316,
    "f1": 0.25698721063929814,
    "false_positive_rate": 0.20215955694377233
  }
}